Sample_ID	aa	auxo	aminoacid
lane122s000518	Ala	0	ala__L
lane122s000518	Arg	0	arg__L
lane122s000518	Asp	0	asp__L
lane122s000518	Asn	0	asn__L
lane122s000518	Glu	0	glu__L
lane122s000518	Gly	0	gly
lane122s000518	His	0	his__L
lane122s000518	leu	0	leu__L
lane122s000518	Lys	0	lys__L
lane122s000518	Met	0	met__L
lane122s000518	Phe	0	phe__L
lane122s000518	Pro	0	pro__L
lane122s000518	Ser	0	ser__L
lane122s000518	Thr	0	thr__L
lane122s000518	Trp	0	trp__L
lane122s000518	Tyr	0	tyr__L
lane122s000518	Val	0	val__L
lane122s000525	Arg	0	arg__L
lane122s000525	Gly	0	gly
lane122s000525	His	0	his__L
lane122s000525	leu	0	leu__L
lane122s000525	Pro	0	pro__L
lane122s000525	Ser	0	ser__L
lane122s000525	Thr	0	thr__L
lane122s000525	Val	0	val__L
lane121s003984	Ala	0	ala__L
lane121s003984	Arg	0	arg__L
lane121s003984	Asp	0	asp__L
lane121s003984	Asn	0	asn__L
lane121s003984	Cys	0	cys__L
lane121s003984	Glu	0	glu__L
lane121s003984	Gln	0	gln__L
lane121s003984	Gly	0	gly
lane121s003984	His	0	his__L
lane121s003984	Ile	0	ile__L
lane121s003984	leu	0	leu__L
lane121s003984	Lys	0	lys__L
lane121s003984	Met	0	met__L
lane121s003984	Phe	0	phe__L
lane121s003984	Pro	0	pro__L
lane121s003984	Ser	0	ser__L
lane121s003984	Thr	0	thr__L
lane121s003984	Trp	0	trp__L
lane121s003984	Tyr	0	tyr__L
lane121s003984	Val	0	val__L
lane121s003986	Ala	0	ala__L
lane121s003986	Arg	0	arg__L
lane121s003986	Asp	0	asp__L
lane121s003986	Asn	0	asn__L
lane121s003986	Cys	0	cys__L
lane121s003986	Glu	0	glu__L
lane121s003986	Gln	0	gln__L
lane121s003986	Gly	0	gly
lane121s003986	His	0	his__L
lane121s003986	Ile	0	ile__L
lane121s003986	leu	0	leu__L
lane121s003986	Lys	0	lys__L
lane121s003986	Met	0	met__L
lane121s003986	Phe	0	phe__L
lane121s003986	Pro	0	pro__L
lane121s003986	Ser	0	ser__L
lane121s003986	Thr	0	thr__L
lane121s003986	Trp	0	trp__L
lane121s003986	Tyr	0	tyr__L
lane121s003986	Val	0	val__L
lane121s003951	Ala	0	ala__L
lane121s003951	Arg	0	arg__L
lane121s003951	Asp	0	asp__L
lane121s003951	Asn	0	asn__L
lane121s003951	Glu	0	glu__L
lane121s003951	Gly	0	gly
lane121s003951	His	0	his__L
lane121s003951	Ile	0	ile__L
lane121s003951	leu	0	leu__L
lane121s003951	Lys	0	lys__L
lane121s003951	Met	0	met__L
lane121s003951	Phe	0	phe__L
lane121s003951	Pro	0	pro__L
lane121s003951	Ser	0	ser__L
lane121s003951	Thr	0	thr__L
lane121s003951	Trp	0	trp__L
lane121s003951	Tyr	0	tyr__L
lane121s003951	Val	0	val__L
lane121s003955	Ala	0	ala__L
lane121s003955	Arg	0	arg__L
lane121s003955	Asp	0	asp__L
lane121s003955	Asn	0	asn__L
lane121s003955	Glu	0	glu__L
lane121s003955	Gly	0	gly
lane121s003955	His	0	his__L
lane121s003955	Ile	0	ile__L
lane121s003955	leu	0	leu__L
lane121s003955	Lys	0	lys__L
lane121s003955	Met	0	met__L
lane121s003955	Phe	0	phe__L
lane121s003955	Pro	0	pro__L
lane121s003955	Ser	0	ser__L
lane121s003955	Thr	0	thr__L
lane121s003955	Tyr	0	tyr__L
lane121s003953	Ala	0	ala__L
lane121s003953	Asp	0	asp__L
lane121s003953	Asn	0	asn__L
lane121s003953	Cys	0	cys__L
lane121s003953	Glu	0	glu__L
lane121s003953	Gln	0	gln__L
lane121s003953	Gly	0	gly
lane121s003953	His	0	his__L
lane121s003953	leu	0	leu__L
lane121s003953	Lys	0	lys__L
lane121s003953	Phe	0	phe__L
lane121s003953	Pro	0	pro__L
lane121s003953	Ser	0	ser__L
lane121s003953	Thr	0	thr__L
lane121s003960	Ala	0	ala__L
lane121s003960	Arg	0	arg__L
lane121s003960	Asp	0	asp__L
lane121s003960	Asn	0	asn__L
lane121s003960	Cys	0	cys__L
lane121s003960	Glu	0	glu__L
lane121s003960	Gln	0	gln__L
lane121s003960	Gly	0	gly
lane121s003960	His	0	his__L
lane121s003960	Ile	0	ile__L
lane121s003960	leu	0	leu__L
lane121s003960	Lys	0	lys__L
lane121s003960	Met	0	met__L
lane121s003960	Phe	0	phe__L
lane121s003960	Pro	0	pro__L
lane121s003960	Ser	0	ser__L
lane121s003960	Thr	0	thr__L
lane121s003960	Trp	0	trp__L
lane121s003960	Tyr	0	tyr__L
lane121s003960	Val	0	val__L
lane121s003978	Ala	0	ala__L
lane121s003978	Arg	0	arg__L
lane121s003978	Asp	0	asp__L
lane121s003978	Asn	0	asn__L
lane121s003978	Cys	0	cys__L
lane121s003978	Glu	0	glu__L
lane121s003978	Gln	0	gln__L
lane121s003978	Gly	0	gly
lane121s003978	His	0	his__L
lane121s003978	leu	0	leu__L
lane121s003978	Lys	0	lys__L
lane121s003978	Met	0	met__L
lane121s003978	Phe	0	phe__L
lane121s003978	Pro	0	pro__L
lane121s003978	Ser	0	ser__L
lane121s003978	Thr	0	thr__L
lane121s003978	Trp	0	trp__L
lane121s003978	Tyr	0	tyr__L
lane122s000531	Ala	0	ala__L
lane122s000531	Arg	0	arg__L
lane122s000531	Asp	0	asp__L
lane122s000531	Asn	0	asn__L
lane122s000531	Cys	0	cys__L
lane122s000531	Glu	0	glu__L
lane122s000531	Gln	0	gln__L
lane122s000531	Gly	0	gly
lane122s000531	His	0	his__L
lane122s000531	Ile	0	ile__L
lane122s000531	leu	0	leu__L
lane122s000531	Lys	0	lys__L
lane122s000531	Met	0	met__L
lane122s000531	Phe	0	phe__L
lane122s000531	Pro	0	pro__L
lane122s000531	Ser	0	ser__L
lane122s000531	Thr	0	thr__L
lane122s000531	Trp	0	trp__L
lane122s000531	Tyr	0	tyr__L
lane122s000531	Val	0	val__L
lane121s003954	Ala	0	ala__L
lane121s003954	Arg	0	arg__L
lane121s003954	Asp	0	asp__L
lane121s003954	Asn	0	asn__L
lane121s003954	Cys	0	cys__L
lane121s003954	Glu	0	glu__L
lane121s003954	Gln	0	gln__L
lane121s003954	Gly	0	gly
lane121s003954	His	0	his__L
lane121s003954	Ile	0	ile__L
lane121s003954	leu	0	leu__L
lane121s003954	Lys	0	lys__L
lane121s003954	Met	0	met__L
lane121s003954	Phe	0	phe__L
lane121s003954	Pro	0	pro__L
lane121s003954	Ser	0	ser__L
lane121s003954	Thr	0	thr__L
lane121s003954	Trp	0	trp__L
lane121s003954	Tyr	0	tyr__L
lane121s003958	Ala	0	ala__L
lane121s003958	Arg	0	arg__L
lane121s003958	Asp	0	asp__L
lane121s003958	Asn	0	asn__L
lane121s003958	Cys	0	cys__L
lane121s003958	Glu	0	glu__L
lane121s003958	Gln	0	gln__L
lane121s003958	Gly	0	gly
lane121s003958	His	0	his__L
lane121s003958	leu	0	leu__L
lane121s003958	Lys	0	lys__L
lane121s003958	Phe	0	phe__L
lane121s003958	Ser	0	ser__L
lane121s003958	Thr	0	thr__L
lane121s003958	Trp	0	trp__L
lane121s003958	Tyr	0	tyr__L
lane121s003958	Val	0	val__L
lane122s000517	Ala	0	ala__L
lane122s000517	Arg	0	arg__L
lane122s000517	Asp	0	asp__L
lane122s000517	Asn	0	asn__L
lane122s000517	Cys	0	cys__L
lane122s000517	Glu	0	glu__L
lane122s000517	Gln	0	gln__L
lane122s000517	Gly	0	gly
lane122s000517	His	0	his__L
lane122s000517	Ile	0	ile__L
lane122s000517	leu	0	leu__L
lane122s000517	Lys	0	lys__L
lane122s000517	Met	0	met__L
lane122s000517	Phe	0	phe__L
lane122s000517	Pro	0	pro__L
lane122s000517	Ser	0	ser__L
lane122s000517	Trp	0	trp__L
lane122s000517	Val	0	val__L
lane121s003962	Ala	0	ala__L
lane121s003962	Arg	0	arg__L
lane121s003962	Asp	0	asp__L
lane121s003962	Asn	0	asn__L
lane121s003962	Cys	0	cys__L
lane121s003962	Glu	0	glu__L
lane121s003962	Gln	0	gln__L
lane121s003962	Gly	0	gly
lane121s003962	His	0	his__L
lane121s003962	Ile	0	ile__L
lane121s003962	leu	0	leu__L
lane121s003962	Lys	0	lys__L
lane121s003962	Met	0	met__L
lane121s003962	Phe	0	phe__L
lane121s003962	Pro	0	pro__L
lane121s003962	Ser	0	ser__L
lane121s003962	Thr	0	thr__L
lane121s003962	Trp	0	trp__L
lane121s003962	Tyr	0	tyr__L
lane121s003962	Val	0	val__L
lane121s003963	Ala	0	ala__L
lane121s003963	Arg	0	arg__L
lane121s003963	Asp	0	asp__L
lane121s003963	Asn	0	asn__L
lane121s003963	Cys	0	cys__L
lane121s003963	Glu	0	glu__L
lane121s003963	Gln	0	gln__L
lane121s003963	Gly	0	gly
lane121s003963	His	0	his__L
lane121s003963	Ile	0	ile__L
lane121s003963	leu	0	leu__L
lane121s003963	Lys	0	lys__L
lane121s003963	Met	0	met__L
lane121s003963	Phe	0	phe__L
lane121s003963	Ser	0	ser__L
lane121s003963	Thr	0	thr__L
lane121s003963	Trp	0	trp__L
lane121s003963	Tyr	0	tyr__L
lane121s003963	Val	0	val__L
lane121s003964	Ala	0	ala__L
lane121s003964	Arg	0	arg__L
lane121s003964	Asp	0	asp__L
lane121s003964	Asn	0	asn__L
lane121s003964	Cys	0	cys__L
lane121s003964	Glu	0	glu__L
lane121s003964	Gln	0	gln__L
lane121s003964	Gly	0	gly
lane121s003964	His	0	his__L
lane121s003964	Lys	0	lys__L
lane121s003964	Met	0	met__L
lane121s003964	Phe	0	phe__L
lane121s003964	Pro	0	pro__L
lane121s003964	Ser	0	ser__L
lane121s003964	Thr	0	thr__L
lane121s003964	Trp	0	trp__L
lane121s003964	Tyr	0	tyr__L
lane121s003971	Ala	0	ala__L
lane121s003971	Asp	0	asp__L
lane121s003971	Asn	0	asn__L
lane121s003971	Cys	0	cys__L
lane121s003971	Glu	0	glu__L
lane121s003971	Gln	0	gln__L
lane121s003971	Gly	0	gly
lane121s003971	Lys	0	lys__L
lane121s003971	Met	0	met__L
lane121s003971	Phe	0	phe__L
lane121s003971	Pro	0	pro__L
lane121s003971	Ser	0	ser__L
lane121s003971	Thr	0	thr__L
lane121s003971	Trp	0	trp__L
lane121s003971	Tyr	0	tyr__L
lane121s003968	Ala	0	ala__L
lane121s003968	Arg	0	arg__L
lane121s003968	Asp	0	asp__L
lane121s003968	Asn	0	asn__L
lane121s003968	Cys	0	cys__L
lane121s003968	Gln	0	gln__L
lane121s003968	Gly	0	gly
lane121s003968	His	0	his__L
lane121s003968	Ile	0	ile__L
lane121s003968	Lys	0	lys__L
lane121s003968	Phe	0	phe__L
lane121s003968	Pro	0	pro__L
lane121s003968	Thr	0	thr__L
lane121s003968	Trp	0	trp__L
lane121s003968	Tyr	0	tyr__L
lane121s003968	Val	0	val__L
lane121s003972	Ala	0	ala__L
lane121s003972	Arg	0	arg__L
lane121s003972	Asp	0	asp__L
lane121s003972	Asn	0	asn__L
lane121s003972	Cys	0	cys__L
lane121s003972	Glu	0	glu__L
lane121s003972	Gln	0	gln__L
lane121s003972	Gly	0	gly
lane121s003972	His	0	his__L
lane121s003972	Ile	0	ile__L
lane121s003972	leu	0	leu__L
lane121s003972	Lys	0	lys__L
lane121s003972	Met	0	met__L
lane121s003972	Phe	0	phe__L
lane121s003972	Pro	0	pro__L
lane121s003972	Ser	0	ser__L
lane121s003972	Thr	0	thr__L
lane121s003972	Trp	0	trp__L
lane121s003972	Tyr	0	tyr__L
lane121s003972	Val	0	val__L
lane121s003976	Ala	0	ala__L
lane121s003976	Arg	0	arg__L
lane121s003976	Asp	0	asp__L
lane121s003976	Asn	0	asn__L
lane121s003976	Cys	0	cys__L
lane121s003976	Glu	0	glu__L
lane121s003976	Gln	0	gln__L
lane121s003976	Gly	0	gly
lane121s003976	His	0	his__L
lane121s003976	Ile	0	ile__L
lane121s003976	leu	0	leu__L
lane121s003976	Lys	0	lys__L
lane121s003976	Met	0	met__L
lane121s003976	Phe	0	phe__L
lane121s003976	Pro	0	pro__L
lane121s003976	Ser	0	ser__L
lane121s003976	Thr	0	thr__L
lane121s003976	Trp	0	trp__L
lane121s003976	Tyr	0	tyr__L
lane121s003976	Val	0	val__L
lane121s003979	Ala	0	ala__L
lane121s003979	Arg	0	arg__L
lane121s003979	Asp	0	asp__L
lane121s003979	Asn	0	asn__L
lane121s003979	Cys	0	cys__L
lane121s003979	Glu	0	glu__L
lane121s003979	Gln	0	gln__L
lane121s003979	Gly	0	gly
lane121s003979	His	0	his__L
lane121s003979	Ile	0	ile__L
lane121s003979	leu	0	leu__L
lane121s003979	Lys	0	lys__L
lane121s003979	Met	0	met__L
lane121s003979	Phe	0	phe__L
lane121s003979	Pro	0	pro__L
lane121s003979	Ser	0	ser__L
lane121s003979	Thr	0	thr__L
lane121s003979	Trp	0	trp__L
lane121s003979	Tyr	0	tyr__L
lane121s003980	Ala	0	ala__L
lane121s003980	Arg	0	arg__L
lane121s003980	Asp	0	asp__L
lane121s003980	Asn	0	asn__L
lane121s003980	Cys	0	cys__L
lane121s003980	Glu	0	glu__L
lane121s003980	Gln	0	gln__L
lane121s003980	Gly	0	gly
lane121s003980	His	0	his__L
lane121s003980	Ile	0	ile__L
lane121s003980	leu	0	leu__L
lane121s003980	Lys	0	lys__L
lane121s003980	Met	0	met__L
lane121s003980	Phe	0	phe__L
lane121s003980	Pro	0	pro__L
lane121s003980	Ser	0	ser__L
lane121s003980	Thr	0	thr__L
lane121s003980	Trp	0	trp__L
lane121s003980	Tyr	0	tyr__L
lane121s003980	Val	0	val__L
lane121s003995	Ala	0	ala__L
lane121s003995	Arg	0	arg__L
lane121s003995	Cys	0	cys__L
lane121s003995	Glu	0	glu__L
lane121s003995	Gln	0	gln__L
lane121s003995	Gly	0	gly
lane121s003995	Lys	0	lys__L
lane121s003995	Met	0	met__L
lane121s003995	Phe	0	phe__L
lane121s003995	Pro	0	pro__L
lane121s003995	Trp	0	trp__L
lane121s003995	Tyr	0	tyr__L
lane121s003996	Ala	0	ala__L
lane121s003996	Arg	0	arg__L
lane121s003996	Asn	0	asn__L
lane121s003996	Cys	0	cys__L
lane121s003996	Glu	0	glu__L
lane121s003996	Gln	0	gln__L
lane121s003996	His	0	his__L
lane121s003996	Ile	0	ile__L
lane121s003996	Lys	0	lys__L
lane121s003996	Met	0	met__L
lane121s003996	Phe	0	phe__L
lane121s003996	Pro	0	pro__L
lane121s003996	Ser	0	ser__L
lane122s000537	Ala	0	ala__L
lane122s000537	Asp	0	asp__L
lane122s000537	Asn	0	asn__L
lane122s000537	Ile	0	ile__L
lane122s000537	Lys	0	lys__L
lane122s000537	Met	0	met__L
lane122s000537	Ser	0	ser__L
lane122s000537	Tyr	0	tyr__L
lane122s000536	Ala	0	ala__L
lane122s000536	Arg	0	arg__L
lane122s000536	Asp	0	asp__L
lane122s000536	Asn	0	asn__L
lane122s000536	Cys	0	cys__L
lane122s000536	Glu	0	glu__L
lane122s000536	Gln	0	gln__L
lane122s000536	Gly	0	gly
lane122s000536	His	0	his__L
lane122s000536	Ile	0	ile__L
lane122s000536	leu	0	leu__L
lane122s000536	Lys	0	lys__L
lane122s000536	Met	0	met__L
lane122s000536	Phe	0	phe__L
lane122s000536	Pro	0	pro__L
lane122s000536	Ser	0	ser__L
lane122s000536	Thr	0	thr__L
lane122s000536	Trp	0	trp__L
lane122s000536	Tyr	0	tyr__L
lane122s000536	Val	0	val__L
lane122s000544	Ala	0	ala__L
lane122s000544	Asp	0	asp__L
lane122s000544	Asn	0	asn__L
lane122s000544	Cys	0	cys__L
lane122s000544	Glu	0	glu__L
lane122s000544	Gln	0	gln__L
lane122s000544	Gly	0	gly
lane122s000544	His	0	his__L
lane122s000544	Lys	0	lys__L
lane122s000544	Met	0	met__L
lane122s000544	Phe	0	phe__L
lane122s000544	Pro	0	pro__L
lane122s000544	Ser	0	ser__L
lane122s000544	Thr	0	thr__L
lane122s000544	Trp	0	trp__L
lane122s000544	Tyr	0	tyr__L
lane122s000539	Ala	0	ala__L
lane122s000539	Arg	0	arg__L
lane122s000539	Asp	0	asp__L
lane122s000539	Asn	0	asn__L
lane122s000539	Cys	0	cys__L
lane122s000539	Glu	0	glu__L
lane122s000539	Gln	0	gln__L
lane122s000539	Gly	0	gly
lane122s000539	His	0	his__L
lane122s000539	Ile	0	ile__L
lane122s000539	leu	0	leu__L
lane122s000539	Lys	0	lys__L
lane122s000539	Met	0	met__L
lane122s000539	Phe	0	phe__L
lane122s000539	Pro	0	pro__L
lane122s000539	Ser	0	ser__L
lane122s000539	Thr	0	thr__L
lane122s000539	Trp	0	trp__L
lane122s000539	Tyr	0	tyr__L
lane122s000539	Val	0	val__L
lane122s000533	Ala	0	ala__L
lane122s000533	Arg	0	arg__L
lane122s000533	Asp	0	asp__L
lane122s000533	Asn	0	asn__L
lane122s000533	Cys	0	cys__L
lane122s000533	Glu	0	glu__L
lane122s000533	Gln	0	gln__L
lane122s000533	Gly	0	gly
lane122s000533	His	0	his__L
lane122s000533	Ile	0	ile__L
lane122s000533	leu	0	leu__L
lane122s000533	Lys	0	lys__L
lane122s000533	Met	0	met__L
lane122s000533	Phe	0	phe__L
lane122s000533	Pro	0	pro__L
lane122s000533	Ser	0	ser__L
lane122s000533	Thr	0	thr__L
lane122s000533	Trp	0	trp__L
lane122s000533	Tyr	0	tyr__L
lane122s000533	Val	0	val__L
lane122s000538	Ala	0	ala__L
lane122s000538	Arg	0	arg__L
lane122s000538	Asp	0	asp__L
lane122s000538	Asn	0	asn__L
lane122s000538	Cys	0	cys__L
lane122s000538	Glu	0	glu__L
lane122s000538	Gln	0	gln__L
lane122s000538	Gly	0	gly
lane122s000538	His	0	his__L
lane122s000538	Lys	0	lys__L
lane122s000538	Met	0	met__L
lane122s000538	Phe	0	phe__L
lane122s000538	Pro	0	pro__L
lane122s000538	Trp	0	trp__L
lane122s000538	Tyr	0	tyr__L
lane122s000535	Ala	0	ala__L
lane122s000535	Asp	0	asp__L
lane122s000535	Asn	0	asn__L
lane122s000535	Cys	0	cys__L
lane122s000535	Glu	0	glu__L
lane122s000535	Gln	0	gln__L
lane122s000535	Gly	0	gly
lane122s000535	Ile	0	ile__L
lane122s000535	leu	0	leu__L
lane122s000535	Met	0	met__L
lane122s000535	Phe	0	phe__L
lane122s000535	Thr	0	thr__L
lane122s000535	Trp	0	trp__L
lane122s000535	Tyr	0	tyr__L
lane122s000535	Val	0	val__L
lane122s000543	Ala	0	ala__L
lane122s000543	Arg	0	arg__L
lane122s000543	Asp	0	asp__L
lane122s000543	Asn	0	asn__L
lane122s000543	Glu	0	glu__L
lane122s000543	Gln	0	gln__L
lane122s000543	Gly	0	gly
lane122s000543	His	0	his__L
lane122s000543	Ile	0	ile__L
lane122s000543	leu	0	leu__L
lane122s000543	Lys	0	lys__L
lane122s000543	Met	0	met__L
lane122s000543	Phe	0	phe__L
lane122s000543	Pro	0	pro__L
lane122s000543	Ser	0	ser__L
lane122s000543	Thr	0	thr__L
lane122s000543	Trp	0	trp__L
lane122s000543	Tyr	0	tyr__L
lane122s000540	Ala	0	ala__L
lane122s000540	Arg	0	arg__L
lane122s000540	Asp	0	asp__L
lane122s000540	Asn	0	asn__L
lane122s000540	Cys	0	cys__L
lane122s000540	Glu	0	glu__L
lane122s000540	Gln	0	gln__L
lane122s000540	His	0	his__L
lane122s000540	Ile	0	ile__L
lane122s000540	Lys	0	lys__L
lane122s000540	Met	0	met__L
lane122s000540	Phe	0	phe__L
lane122s000540	Pro	0	pro__L
lane122s000540	Ser	0	ser__L
lane122s000540	Thr	0	thr__L
lane122s000540	Trp	0	trp__L
lane122s000540	Tyr	0	tyr__L
lane122s000540	Val	0	val__L
lane122s000542	Ala	0	ala__L
lane122s000542	Arg	0	arg__L
lane122s000542	Asp	0	asp__L
lane122s000542	Asn	0	asn__L
lane122s000542	Cys	0	cys__L
lane122s000542	Glu	0	glu__L
lane122s000542	Gln	0	gln__L
lane122s000542	Gly	0	gly
lane122s000542	His	0	his__L
lane122s000542	Ile	0	ile__L
lane122s000542	leu	0	leu__L
lane122s000542	Lys	0	lys__L
lane122s000542	Met	0	met__L
lane122s000542	Phe	0	phe__L
lane122s000542	Pro	0	pro__L
lane122s000542	Ser	0	ser__L
lane122s000542	Thr	0	thr__L
lane122s000542	Trp	0	trp__L
lane122s000542	Tyr	0	tyr__L
lane122s000542	Val	0	val__L
lane122s000541	Ala	0	ala__L
lane122s000541	Asp	0	asp__L
lane122s000541	Asn	0	asn__L
lane122s000541	Cys	0	cys__L
lane122s000541	Glu	0	glu__L
lane122s000541	Gln	0	gln__L
lane122s000541	Gly	0	gly
lane122s000541	His	0	his__L
lane122s000541	Lys	0	lys__L
lane122s000541	Met	0	met__L
lane122s000541	Phe	0	phe__L
lane122s000541	Pro	0	pro__L
lane122s000541	Ser	0	ser__L
lane122s000541	Thr	0	thr__L
lane122s000541	Trp	0	trp__L
lane122s000541	Tyr	0	tyr__L
lane122s000523	Ala	0	ala__L
lane122s000523	Arg	0	arg__L
lane122s000523	Asp	0	asp__L
lane122s000523	Asn	0	asn__L
lane122s000523	Cys	0	cys__L
lane122s000523	Glu	0	glu__L
lane122s000523	Gln	0	gln__L
lane122s000523	Gly	0	gly
lane122s000523	His	0	his__L
lane122s000523	Ile	0	ile__L
lane122s000523	leu	0	leu__L
lane122s000523	Lys	0	lys__L
lane122s000523	Met	0	met__L
lane122s000523	Phe	0	phe__L
lane122s000523	Pro	0	pro__L
lane122s000523	Ser	0	ser__L
lane122s000523	Thr	0	thr__L
lane122s000523	Trp	0	trp__L
lane122s000523	Tyr	0	tyr__L
lane122s000523	Val	0	val__L
lane122s000528	Ala	0	ala__L
lane122s000528	Arg	0	arg__L
lane122s000528	Asp	0	asp__L
lane122s000528	Asn	0	asn__L
lane122s000528	Cys	0	cys__L
lane122s000528	Glu	0	glu__L
lane122s000528	Gln	0	gln__L
lane122s000528	His	0	his__L
lane122s000528	Ile	0	ile__L
lane122s000528	Lys	0	lys__L
lane122s000528	Met	0	met__L
lane122s000528	Pro	0	pro__L
lane122s000528	Ser	0	ser__L
lane122s000528	Thr	0	thr__L
lane122s000528	Trp	0	trp__L
lane122s000528	Tyr	0	tyr__L
lane122s000528	Val	0	val__L
lane122s000522	Ala	0	ala__L
lane122s000522	Arg	0	arg__L
lane122s000522	Asn	0	asn__L
lane122s000522	Cys	0	cys__L
lane122s000522	Glu	0	glu__L
lane122s000522	Gly	0	gly
lane122s000522	leu	0	leu__L
lane122s000522	Lys	0	lys__L
lane122s000522	Met	0	met__L
lane122s000522	Phe	0	phe__L
lane122s000522	Ser	0	ser__L
lane122s000522	Thr	0	thr__L
lane122s000522	Trp	0	trp__L
lane122s000522	Val	6	val__L
lane122s000521	Ala	0	ala__L
lane122s000521	Asn	0	asn__L
lane122s000521	Cys	0	cys__L
lane122s000521	Glu	0	glu__L
lane122s000521	Gly	0	gly
lane122s000521	His	0	his__L
lane122s000521	Ser	0	ser__L
lane122s000521	Thr	0	thr__L
lane122s000521	Trp	0	trp__L
lane122s000529	Ala	0	ala__L
lane122s000529	Arg	0	arg__L
lane122s000529	Asp	0	asp__L
lane122s000529	Asn	0	asn__L
lane122s000529	Cys	0	cys__L
lane122s000529	Glu	0	glu__L
lane122s000529	Gln	0	gln__L
lane122s000529	Gly	0	gly
lane122s000529	His	0	his__L
lane122s000529	Ile	0	ile__L
lane122s000529	leu	0	leu__L
lane122s000529	Lys	0	lys__L
lane122s000529	Met	0	met__L
lane122s000529	Phe	0	phe__L
lane122s000529	Pro	0	pro__L
lane122s000529	Thr	0	thr__L
lane122s000529	Trp	0	trp__L
lane122s000529	Tyr	0	tyr__L
lane122s000529	Val	0	val__L
lane122s000545	Ala	0	ala__L
lane122s000545	Arg	0	arg__L
lane122s000545	Asp	0	asp__L
lane122s000545	Asn	0	asn__L
lane122s000545	Cys	0	cys__L
lane122s000545	Glu	0	glu__L
lane122s000545	Gln	0	gln__L
lane122s000545	Gly	0	gly
lane122s000545	His	0	his__L
lane122s000545	Ile	0	ile__L
lane122s000545	leu	0	leu__L
lane122s000545	Lys	0	lys__L
lane122s000545	Met	0	met__L
lane122s000545	Phe	0	phe__L
lane122s000545	Pro	0	pro__L
lane122s000545	Ser	0	ser__L
lane122s000545	Thr	0	thr__L
lane122s000545	Trp	0	trp__L
lane122s000545	Tyr	0	tyr__L
lane122s000545	Val	0	val__L
lane122s000515	Ala	0	ala__L
lane122s000515	Arg	0	arg__L
lane122s000515	Asp	0	asp__L
lane122s000515	Asn	0	asn__L
lane122s000515	Cys	0	cys__L
lane122s000515	Glu	0	glu__L
lane122s000515	Gln	0	gln__L
lane122s000515	Gly	0	gly
lane122s000515	His	0	his__L
lane122s000515	Ile	0	ile__L
lane122s000515	leu	0	leu__L
lane122s000515	Lys	0	lys__L
lane122s000515	Met	0	met__L
lane122s000515	Phe	0	phe__L
lane122s000515	Pro	0	pro__L
lane122s000515	Ser	0	ser__L
lane122s000515	Thr	0	thr__L
lane122s000515	Trp	0	trp__L
lane122s000515	Tyr	0	tyr__L
lane122s000515	Val	0	val__L
lane122s000532	Ala	0	ala__L
lane122s000532	Arg	0	arg__L
lane122s000532	Asp	0	asp__L
lane122s000532	Asn	0	asn__L
lane122s000532	Cys	0	cys__L
lane122s000532	Glu	0	glu__L
lane122s000532	Gln	0	gln__L
lane122s000532	Gly	0	gly
lane122s000532	His	0	his__L
lane122s000532	Ile	0	ile__L
lane122s000532	leu	0	leu__L
lane122s000532	Lys	0	lys__L
lane122s000532	Met	0	met__L
lane122s000532	Phe	0	phe__L
lane122s000532	Pro	0	pro__L
lane122s000532	Ser	0	ser__L
lane122s000532	Thr	0	thr__L
lane122s000532	Trp	0	trp__L
lane122s000532	Tyr	0	tyr__L
lane122s000532	Val	0	val__L
lane122s000524	Ala	0	ala__L
lane122s000524	Arg	0	arg__L
lane122s000524	Asp	0	asp__L
lane122s000524	Asn	0	asn__L
lane122s000524	Cys	0	cys__L
lane122s000524	Glu	0	glu__L
lane122s000524	Gln	0	gln__L
lane122s000524	Gly	0	gly
lane122s000524	His	0	his__L
lane122s000524	Ile	0	ile__L
lane122s000524	leu	0	leu__L
lane122s000524	Lys	0	lys__L
lane122s000524	Met	0	met__L
lane122s000524	Phe	0	phe__L
lane122s000524	Pro	0	pro__L
lane122s000524	Ser	0	ser__L
lane122s000524	Thr	0	thr__L
lane122s000524	Trp	0	trp__L
lane122s000524	Tyr	0	tyr__L
lane122s000524	Val	0	val__L
lane122s000530	Ala	0	ala__L
lane122s000530	Arg	0	arg__L
lane122s000530	Asp	0	asp__L
lane122s000530	Asn	0	asn__L
lane122s000530	Cys	0	cys__L
lane122s000530	Glu	0	glu__L
lane122s000530	Gln	0	gln__L
lane122s000530	Gly	0	gly
lane122s000530	His	0	his__L
lane122s000530	Lys	0	lys__L
lane122s000530	Phe	0	phe__L
lane122s000530	Ser	0	ser__L
lane122s000530	Trp	0	trp__L
lane122s000530	Tyr	0	tyr__L
lane122s000516	Ala	0	ala__L
lane122s000516	Arg	0	arg__L
lane122s000516	Asp	0	asp__L
lane122s000516	Asn	0	asn__L
lane122s000516	Cys	0	cys__L
lane122s000516	Glu	0	glu__L
lane122s000516	Gln	0	gln__L
lane122s000516	Gly	0	gly
lane122s000516	His	0	his__L
lane122s000516	Ile	0	ile__L
lane122s000516	leu	0	leu__L
lane122s000516	Lys	0	lys__L
lane122s000516	Met	0	met__L
lane122s000516	Pro	0	pro__L
lane122s000516	Ser	0	ser__L
lane122s000516	Thr	0	thr__L
lane122s000516	Trp	0	trp__L
lane122s000516	Tyr	0	tyr__L
lane122s000516	Val	0	val__L
lane821s003035	Ala	0	ala__L
lane821s003035	Asp	0	asp__L
lane821s003035	Asn	0	asn__L
lane821s003035	Cys	0	cys__L
lane821s003035	Glu	0	glu__L
lane821s003035	Gln	0	gln__L
lane821s003035	Gly	0	gly
lane821s003035	Lys	0	lys__L
lane821s003035	Met	0	met__L
lane821s003035	Phe	0	phe__L
lane821s003035	Pro	0	pro__L
lane821s003035	Ser	0	ser__L
lane821s003035	Thr	0	thr__L
lane821s003035	Trp	0	trp__L
lane821s003035	Tyr	0	tyr__L
lane821s003036	Ala	0	ala__L
lane821s003036	Arg	0	arg__L
lane821s003036	Asp	0	asp__L
lane821s003036	Asn	0	asn__L
lane821s003036	Glu	0	glu__L
lane821s003036	Gly	0	gly
lane821s003036	His	0	his__L
lane821s003036	leu	0	leu__L
lane821s003036	Lys	0	lys__L
lane821s003036	Met	0	met__L
lane821s003036	Phe	0	phe__L
lane821s003036	Pro	0	pro__L
lane821s003036	Ser	0	ser__L
lane821s003036	Thr	0	thr__L
lane821s003036	Trp	0	trp__L
lane821s003036	Tyr	0	tyr__L
lane821s003036	Val	0	val__L
lane821s003038	Asp	0	asp__L
lane821s003038	Asn	0	asn__L
lane821s003038	Glu	0	glu__L
lane821s003038	Gln	0	gln__L
lane821s003038	leu	0	leu__L
lane821s003038	Lys	0	lys__L
lane821s003038	Phe	0	phe__L
lane821s003038	Thr	0	thr__L
lane821s003038	Tyr	0	tyr__L
lane821s003040	Ala	0	ala__L
lane821s003040	Arg	0	arg__L
lane821s003040	Asp	0	asp__L
lane821s003040	Asn	0	asn__L
lane821s003040	Cys	0	cys__L
lane821s003040	Glu	0	glu__L
lane821s003040	Gln	0	gln__L
lane821s003040	Gly	0	gly
lane821s003040	His	0	his__L
lane821s003040	Ile	0	ile__L
lane821s003040	Lys	0	lys__L
lane821s003040	Met	0	met__L
lane821s003040	Phe	0	phe__L
lane821s003040	Pro	0	pro__L
lane821s003040	Ser	0	ser__L
lane821s003040	Thr	0	thr__L
lane821s003040	Trp	0	trp__L
lane821s003040	Tyr	0	tyr__L
lane821s003040	Val	0	val__L
lane821s003041	Ala	0	ala__L
lane821s003041	Arg	0	arg__L
lane821s003041	Asp	0	asp__L
lane821s003041	Asn	0	asn__L
lane821s003041	Cys	0	cys__L
lane821s003041	Glu	0	glu__L
lane821s003041	Gln	0	gln__L
lane821s003041	Gly	0	gly
lane821s003041	His	0	his__L
lane821s003041	Ile	0	ile__L
lane821s003041	leu	0	leu__L
lane821s003041	Lys	0	lys__L
lane821s003041	Met	0	met__L
lane821s003041	Phe	0	phe__L
lane821s003041	Pro	0	pro__L
lane821s003041	Ser	0	ser__L
lane821s003041	Thr	0	thr__L
lane821s003041	Trp	0	trp__L
lane821s003041	Tyr	0	tyr__L
lane821s003043	Ala	0	ala__L
lane821s003043	Arg	0	arg__L
lane821s003043	Asp	0	asp__L
lane821s003043	Asn	0	asn__L
lane821s003043	Glu	0	glu__L
lane821s003043	Gln	0	gln__L
lane821s003043	Gly	0	gly
lane821s003043	Ile	0	ile__L
lane821s003043	Lys	0	lys__L
lane821s003043	Met	0	met__L
lane821s003043	Pro	0	pro__L
lane821s003043	Ser	0	ser__L
lane821s003043	Tyr	0	tyr__L
lane821s003044	Asp	0	asp__L
lane821s003044	Asn	0	asn__L
lane821s003044	Gly	0	gly
lane821s003044	His	0	his__L
lane821s003044	Ile	0	ile__L
lane821s003044	Lys	0	lys__L
lane821s003044	Met	0	met__L
lane821s003044	Ser	0	ser__L
lane821s003044	Thr	0	thr__L
lane821s003044	Trp	0	trp__L
lane821s003044	Tyr	0	tyr__L
lane821s003044	Val	0	val__L
lane121s003952	Ala	0	ala__L
lane121s003952	Arg	0	arg__L
lane121s003952	Asp	0	asp__L
lane121s003952	Asn	0	asn__L
lane121s003952	Cys	0	cys__L
lane121s003952	Glu	0	glu__L
lane121s003952	Gln	0	gln__L
lane121s003952	Gly	0	gly
lane121s003952	His	0	his__L
lane121s003952	Lys	0	lys__L
lane121s003952	Met	0	met__L
lane121s003952	Phe	0	phe__L
lane121s003952	Pro	0	pro__L
lane121s003952	Ser	0	ser__L
lane121s003952	Thr	0	thr__L
lane121s003952	Trp	0	trp__L
lane121s003952	Tyr	0	tyr__L
lane121s003965	Ala	0	ala__L
lane121s003965	Arg	0	arg__L
lane121s003965	Asp	0	asp__L
lane121s003965	Asn	0	asn__L
lane121s003965	Cys	0	cys__L
lane121s003965	Glu	0	glu__L
lane121s003965	Gln	0	gln__L
lane121s003965	His	0	his__L
lane121s003965	leu	0	leu__L
lane121s003965	Lys	0	lys__L
lane121s003965	Phe	0	phe__L
lane121s003965	Pro	0	pro__L
lane121s003965	Thr	0	thr__L
lane121s003965	Trp	0	trp__L
lane121s003965	Tyr	0	tyr__L
lane121s003965	Val	0	val__L
lane122s000527	Ala	0	ala__L
lane122s000527	Arg	0	arg__L
lane122s000527	Asp	0	asp__L
lane122s000527	Asn	0	asn__L
lane122s000527	Cys	0	cys__L
lane122s000527	Glu	0	glu__L
lane122s000527	Gln	0	gln__L
lane122s000527	His	0	his__L
lane122s000527	Ile	0	ile__L
lane122s000527	Lys	0	lys__L
lane122s000527	Met	0	met__L
lane122s000527	Phe	0	phe__L
lane122s000527	Pro	0	pro__L
lane122s000527	Ser	0	ser__L
lane122s000527	Trp	0	trp__L
lane122s000527	Tyr	0	tyr__L
lane122s000527	Val	0	val__L
lane122s000720	Ala	0	ala__L
lane122s000720	Arg	0	arg__L
lane122s000720	Asp	0	asp__L
lane122s000720	Asn	0	asn__L
lane122s000720	Cys	0	cys__L
lane122s000720	Glu	0	glu__L
lane122s000720	Gln	0	gln__L
lane122s000720	Gly	0	gly
lane122s000720	His	0	his__L
lane122s000720	Ile	0	ile__L
lane122s000720	leu	0	leu__L
lane122s000720	Lys	0	lys__L
lane122s000720	Met	0	met__L
lane122s000720	Phe	0	phe__L
lane122s000720	Pro	0	pro__L
lane122s000720	Ser	0	ser__L
lane122s000720	Thr	0	thr__L
lane122s000720	Trp	0	trp__L
lane122s000720	Tyr	0	tyr__L
lane122s000720	Val	0	val__L
lane122s000721	Ala	0	ala__L
lane122s000721	Arg	0	arg__L
lane122s000721	Asp	0	asp__L
lane122s000721	Asn	0	asn__L
lane122s000721	Cys	0	cys__L
lane122s000721	Glu	0	glu__L
lane122s000721	Gln	0	gln__L
lane122s000721	Gly	0	gly
lane122s000721	His	0	his__L
lane122s000721	Ile	0	ile__L
lane122s000721	leu	0	leu__L
lane122s000721	Lys	0	lys__L
lane122s000721	Met	0	met__L
lane122s000721	Phe	0	phe__L
lane122s000721	Pro	0	pro__L
lane122s000721	Ser	0	ser__L
lane122s000721	Thr	0	thr__L
lane122s000721	Trp	0	trp__L
lane122s000721	Tyr	0	tyr__L
lane122s000721	Val	0	val__L
lane122s000520	Ala	0	ala__L
lane122s000520	Arg	0	arg__L
lane122s000520	Asp	0	asp__L
lane122s000520	Asn	0	asn__L
lane122s000520	Cys	0	cys__L
lane122s000520	Glu	0	glu__L
lane122s000520	Gln	0	gln__L
lane122s000520	Gly	0	gly
lane122s000520	His	0	his__L
lane122s000520	Ile	0	ile__L
lane122s000520	leu	0	leu__L
lane122s000520	Lys	0	lys__L
lane122s000520	Met	0	met__L
lane122s000520	Phe	0	phe__L
lane122s000520	Pro	0	pro__L
lane122s000520	Ser	0	ser__L
lane122s000520	Thr	0	thr__L
lane122s000520	Trp	0	trp__L
lane122s000520	Tyr	0	tyr__L
lane122s000520	Val	0	val__L
lane121s003977	Ala	0	ala__L
lane121s003977	Arg	0	arg__L
lane121s003977	Asp	0	asp__L
lane121s003977	Asn	0	asn__L
lane121s003977	Cys	0	cys__L
lane121s003977	Glu	0	glu__L
lane121s003977	Gln	0	gln__L
lane121s003977	Gly	0	gly
lane121s003977	His	0	his__L
lane121s003977	Ile	0	ile__L
lane121s003977	leu	0	leu__L
lane121s003977	Lys	0	lys__L
lane121s003977	Met	0	met__L
lane121s003977	Phe	0	phe__L
lane121s003977	Pro	0	pro__L
lane121s003977	Ser	0	ser__L
lane121s003977	Thr	0	thr__L
lane121s003977	Trp	0	trp__L
lane121s003977	Tyr	0	tyr__L
lane121s003977	Val	0	val__L
lane122s000519	Ala	0	ala__L
lane122s000519	Arg	0	arg__L
lane122s000519	Asp	0	asp__L
lane122s000519	Asn	0	asn__L
lane122s000519	Cys	0	cys__L
lane122s000519	Glu	0	glu__L
lane122s000519	Gln	0	gln__L
lane122s000519	Gly	0	gly
lane122s000519	His	0	his__L
lane122s000519	Ile	0	ile__L
lane122s000519	leu	0	leu__L
lane122s000519	Lys	0	lys__L
lane122s000519	Met	0	met__L
lane122s000519	Phe	0	phe__L
lane122s000519	Pro	0	pro__L
lane122s000519	Ser	0	ser__L
lane122s000519	Thr	0	thr__L
lane122s000519	Trp	0	trp__L
lane122s000519	Tyr	0	tyr__L
lane122s000519	Val	0	val__L
lane122s000519	Ala	0	ala__L
lane122s000519	Arg	0	arg__L
lane122s000519	Asp	0	asp__L
lane122s000519	Asn	0	asn__L
lane122s000519	Cys	0	cys__L
lane122s000519	Glu	0	glu__L
lane122s000519	Gln	0	gln__L
lane122s000519	Gly	0	gly
lane122s000519	His	0	his__L
lane122s000519	Ile	0	ile__L
lane122s000519	leu	0	leu__L
lane122s000519	Lys	0	lys__L
lane122s000519	Met	0	met__L
lane122s000519	Phe	0	phe__L
lane122s000519	Pro	0	pro__L
lane122s000519	Ser	0	ser__L
lane122s000519	Thr	0	thr__L
lane122s000519	Trp	0	trp__L
lane122s000519	Tyr	0	tyr__L
lane122s000519	Val	0	val__L
